id;payment_code;type;amount;reference_order_id;created_at
1;Soap killer;RECEIPT;79884;53272;2026-05-26T03:33:33
2;Checking;RECEIPT;13119;10361;2026-05-26T00:19:57
3;wireless Buckinghamshire;DISBURSEMENT;3313;37612;2026-05-26T00:23:15
4;Skyway;DISBURSEMENT;11298;16630;2026-05-25T17:43:04
5;Infrastructure Accountability tan;RECEIPT;67238;13397;2026-05-26T07:18:39
6;Wooden;RECEIPT;50235;248;2026-05-25T19:17:03
7;bandwidth empower Pre-emptive;DISBURSEMENT;78229;38933;2026-05-26T05:12:58
8;bandwidth Secured;RECEIPT;46136;39371;2026-05-25T23:03:55
9;Accountability;DISBURSEMENT;84787;26655;2026-05-26T04:43:00
10;Dynamic viral;RECEIPT;93667;90381;2026-05-25T17:03:15
